{"0":{"Position":[-4.924009799957275,4.599038124084473,0.0],"Rotation":[-0.0,0.0,0.0],"Type":2},"1":{"Position":[-5.5630035400390625,3.7345170974731445,0.0],"Rotation":[-0.0,0.0,0.0],"Type":1},"10":{"Position":[-1.0336662530899048,0.29522716999053955,0.0],"Rotation":[-0.0,0.0,0.0],"Type":2},"11":{"Position":[-0.5074361562728882,-0.5129119157791138,0.0],"Rotation":[-0.0,0.0,0.0],"Type":2},"12":{"Position":[0.28190895915031433,0.1448758840560913,0.0],"Rotation":[-0.0,0.0,0.0],"Type":2},"13":{"Position":[1.0336662530899048,-0.5880874395370483,0.0],"Rotation":[-0.0,0.0,0.0],"Type":2},"14":{"Position":[1.8793931007385254,-0.02426886558532715,0.0],"Rotation":[-0.0,0.0,0.0],"Type":2},"15":{"Position":[2.7063260078430176,0.7274879217147827,0.0],"Rotation":[-0.0,0.0,0.0],"Type":2},"16":{"Position":[5.619385719299316,4.7869768142700195,0.0],"Rotation":[-0.0,0.0,0.0],"Type":2},"17":{"Position":[4.830039978027344,5.162856101989746,0.0],"Rotation":[-0.0,0.0,0.0],"Type":1},"18":{"Position":[5.938881874084473,3.9412496089935303,0.0],"Rotation":[-0.0,0.0,0.0],"Type":1},"19":{"Position":[5.71335506439209,3.057935953140259,0.0],"Rotation":[-0.0,0.0,0.0],"Type":3},"2":{"Position":[-3.946725606918335,5.0312981605529785,0.0],"Rotation":[-0.0,0.0,0.0],"Type":1},"20":{"Position":[3.8903441429138184,4.862152099609375,0.0],"Rotation":[-0.0,0.0,0.0],"Type":3},"21":{"Position":[3.4204952716827393,3.866074800491333,0.0],"Rotation":[-0.0,0.0,0.0],"Type":0},"22":{"Position":[4.792452335357666,2.475322723388672,0.0],"Rotation":[-0.0,0.0,0.0],"Type":0},"23":{"Position":[3.8339617252349854,2.926377773284912,0.0],"Rotation":[-0.0,0.0,0.0],"Type":4},"3":{"Position":[-2.875471591949463,4.599038124084473,0.0],"Rotation":[-0.0,0.0,0.0],"Type":3},"4":{"Position":[-5.299888610839844,2.8136146068573,0.0],"Rotation":[-0.0,0.0,0.0],"Type":3},"5":{"Position":[-4.566925525665283,1.8739174604415894,0.0],"Rotation":[-0.0,0.0,0.0],"Type":0},"6":{"Position":[-2.405623197555542,3.621753692626953,0.0],"Rotation":[-0.0,0.0,0.0],"Type":0},"7":{"Position":[-2.837883472442627,2.6632633209228516,0.0],"Rotation":[-0.0,0.0,0.0],"Type":4},"8":{"Position":[-3.552053213119507,2.0054755210876465,0.0],"Rotation":[-0.0,0.0,0.0],"Type":4},"9":{"Position":[-1.7102476358413696,1.1033661365509033,0.0],"Rotation":[-0.0,0.0,0.0],"Type":2},"numObjs":23}