{"0":{"Position":[-5.393858432769775,5.087680339813232,0.0],"Rotation":[-0.0,0.0,0.0],"Type":2},"1":{"Position":[-5.1119489669799805,4.185571193695068,0.0],"Rotation":[-0.0,0.0,0.0],"Type":3},"10":{"Position":[-0.8081390857696533,-1.1143171787261963,0.0],"Rotation":[-0.0,0.0,0.0],"Type":2},"11":{"Position":[0.09396965801715851,-0.45652949810028076,0.0],"Rotation":[-0.0,0.0,0.0],"Type":2},"12":{"Position":[0.864520788192749,-1.1519050598144531,0.0],"Rotation":[-0.0,0.0,0.0],"Type":2},"13":{"Position":[1.5974841117858887,-0.21220791339874268,0.0],"Rotation":[-0.0,0.0,0.0],"Type":2},"14":{"Position":[2.2552716732025146,0.6147243976593018,0.0],"Rotation":[-0.0,0.0,0.0],"Type":2},"15":{"Position":[2.593562364578247,5.425971031188965,0.0],"Rotation":[-0.0,0.0,0.0],"Type":2},"16":{"Position":[3.0070290565490723,4.505068302154541,0.0],"Rotation":[-0.0,0.0,0.0],"Type":3},"17":{"Position":[5.826118469238281,4.65541934967041,0.0],"Rotation":[-0.0,0.0,0.0],"Type":3},"18":{"Position":[3.476877212524414,3.584165573120117,0.0],"Rotation":[-0.0,0.0,0.0],"Type":4},"19":{"Position":[5.168331146240234,3.65934157371521,0.0],"Rotation":[-0.0,0.0,0.0],"Type":4},"2":{"Position":[-4.867628574371338,3.189492702484131,0.0],"Rotation":[-0.0,0.0,0.0],"Type":4},"20":{"Position":[4.698482990264893,2.738438844680786,0.0],"Rotation":[-0.0,0.0,0.0],"Type":1},"21":{"Position":[3.8903441429138184,2.7948198318481445,0.0],"Rotation":[-0.0,0.0,0.0],"Type":0},"22":{"Position":[6.10802698135376,5.51993989944458,0.0],"Rotation":[-0.0,0.0,0.0],"Type":2},"23":{"Position":[3.8339617252349854,2.926377773284912,0.0],"Rotation":[-0.0,0.0,0.0],"Type":4},"3":{"Position":[-2.010950803756714,5.313207626342773,0.0],"Rotation":[-0.0,0.0,0.0],"Type":2},"4":{"Position":[-2.3492414951324463,4.448686122894287,0.0],"Rotation":[-0.0,0.0,0.0],"Type":3},"5":{"Position":[-2.800295829772949,3.433814287185669,0.0],"Rotation":[-0.0,0.0,0.0],"Type":4},"6":{"Position":[-4.3038105964660645,2.2685904502868652,0.0],"Rotation":[-0.0,0.0,0.0],"Type":1},"7":{"Position":[-3.3641138076782227,2.4377360343933105,0.0],"Rotation":[-0.0,0.0,0.0],"Type":0},"8":{"Position":[-1.9169808626174927,0.7274879217147827,0.0],"Rotation":[-0.0,0.0,0.0],"Type":2},"9":{"Position":[-1.409544825553894,-0.21220791339874268,0.0],"Rotation":[-0.0,0.0,0.0],"Type":2},"numObjs":22}