{"0":{"Position":[-3.946725606918335,5.200443744659424,0.0],"Rotation":[-0.0,0.0,0.0],"Type":2},"1":{"Position":[4.247427940368652,-1.5277833938598633,0.0],"Rotation":[-0.0,0.0,0.0],"Type":1},"2":{"Position":[6.352348804473877,2.0054755210876465,0.0],"Rotation":[-0.0,0.0,0.0],"Type":2},"3":{"Position":[4.341398239135742,5.294413089752197,0.0],"Rotation":[-0.0,0.0,0.0],"Type":1},"4":{"Position":[0.20673324167728424,-2.5802438259124756,0.0],"Rotation":[-0.0,0.0,0.0],"Type":2},"5":{"Position":[-4.00310754776001,-1.5841658115386963,0.0],"Rotation":[-0.0,0.0,0.0],"Type":1},"6":{"Position":[-5.487828254699707,1.7611539363861084,0.0],"Rotation":[-0.0,0.0,0.0],"Type":3},"7":{"Position":[0.30070289969444275,6.140139579772949,0.0],"Rotation":[-0.0,0.0,0.0],"Type":3},"8":{"Position":[0.2631150186061859,1.6483904123306274,-4.0],"Rotation":[-0.0,0.0,0.0],"Type":4},"numObjs":8}